Sanskrit|English|Hindi
केचन लोभिनः वैज्ञानिकाः संसारं कम्पयितुं जनान् भेतुं च असीम-शक्तिवन्तं लौहपुत्तलम् आविष्कृतवन्तः। तस्य सङ्गणकबुद्धिः चिन्तन-विचार-शीला आसीत्। ते वैज्ञानिकाः स्वकीयाय स्वामिने तं पुत्तलं यथाशीघ्रम् अर्पयितुम् इच्छन्ति स्म।|Some greedy scientists invented an iron mannequin that had immense power in order to make a sensation in the world and scare people. His computer brain was capable of thinking. They wanted to hand over this mannequin as soon as possible to their boss.|कुछ लोभी वैज्ञानिकों ने संसार में तहलका मचाने और लोगों को भयभीत करने के उद्देश्य से एक ऐसे लौह पुतले का आविष्कार किया जिसमें अपार शक्ति थी। उसका कम्प्यूटर दिमाग सोचने विचारने में समर्थ था। अपने बॉस को वे जल्द से जल्द यह पुतला सौंप देना चाहते थे।
पुत्तले बुद्धिशक्तिं भर्तुम् अन्तिमकार्यं प्रचलत् आसीत्। सङ्गणक-मस्तिष्कं निर्मातुं विश्व-विख्यात-विद्वान् गुस्टाफः पुत्तलस्य शिरसि मस्तिष्कं योजयितुं कार्यरतः आसीत्।|The final work of filling the puppet with brain power was underway. Dr. Gustaf, a world-renowned computer-brain maker, was fitting a brain into the mannequin's head.|पुतले में दिमागी शक्ति भरने का अन्तिम कार्य चल रहा था। कम्प्यूटर-दिमाग बनाने में विश्व विख्यात डॉ० गुस्टाफ पुतले के सिर में दिमाग की फिटिंग कर रहे थे।
गुस्टाफ-विद्वन् यथार्थं कार्यं तु भवतः एव। सङ्गणक-मस्तिष्क-द्वारा हि पुत्तलः विवेकशीलः भवेत्।|Gustaf-scholar, the real work is yours. Through a computer brain, the puppet must become capable of thinking and understanding.|डॉ० गुक्टाफ, असली काम तो आपका है। कम्प्यूटर-दिमाग से ही तो पुतला सोच-समझ सकेगा।
मया तु सर्वं कृतमेव सेलजिन। यदि कोऽपि विकारो न जातः तर्हि अयं पुत्तलः मनुष्यादपि अधिकः बुद्धिमान् शक्तिवान् भविष्यति। उन्नतानि शस्त्राणि अपि इमं स्प्रष्टुमपि न शक्ष्यन्ति।|I have spared no effort on my part, Seljin. If nothing went wrong, this mannequin would have far more brainpower than a human brain. Even the most advanced weapons won't be able to even touch it.|मैंने अपनी तरफ से कोई कसर नहीं छोड़ी है, सेलजिन। यदि कोई गड़बड़ नहीं हुई तो यह पुतला मनुष्य के दिमाग से कहीं ज्यादा दिमागी शक्ति वाला होगा। बड़े-बड़े हथियार भी इसका कुछ नहीं बिगाड़ पाएंगे।
अचिरादेव ते वैज्ञानिकाः पुत्तलमिम स्वस्वामिने अर्पितवन्तः।|A few days later, the scientists handed over the doll to their boss.|कुछ दिन बाद वैज्ञानिक वह पुतला अपने बॉस को सौंप देते हैं।
हैरिसन-विद्वन् स्वीकरोतु इमं सङ्गणक-दानवम्। अनुपमे अस्य भुजबलं बुद्धिबलं च। यदा अयं वीथ्यां जनमध्ये सञ्चरिष्यति तदा "अयं कृत्रिमः" इति केनापि कथयितुं न शक्ष्यते। इमं किमपि कार्यं कारयितुं शक्नुमः।|Dr. Harrison, take this Computer-demon. Its power and Brains are both unprecedented. If and when it moves among people on the street, no one will be able to tell if he is a artificial human. We make it do Any work.|डॉ० हैरीसन, यह लीजिये कम्प्यूटर-दानव इसकी शक्ति और दिमाग दोनों ही बेमिसाल हैं। यह जब सड़क पर लोगों के बीच से जायेगा तो कोई नहीं कह सकेगा कि यह नकली मानव है। हम इसके जरिये कोई भी काम करा सकते हैं।
हैरिसन-विद्वान् उवाच सुखेन - अत्युत्तमं मत्सुहृदः, अविश्वसनीयः चमत्कारः सृष्टः। श्वः विश्वस्य सर्वेषां राजदूतानां पुरतः इमं प्रदर्श्य तान् भाययिष्यामि यतोहि ते सर्वे सदा अस्माकं पुरतः नताः भवेयुः, सर्वं धनं अस्मभ्यं प्रदद्युः हहहह।|Dr. Harrison (cheerfully): Very well my friends, you have performed a wonderful charisma that no one will believe to be true. I will demonstrate it to the ambassadors of all the countries of the world tomorrow and terrify them so that they will always bow before us, lavish wealth on us, ha-ha-ha-ha!|डॉ० हैरीसन (खुश होकर): बहुत खूब मेरे दोस्तों, तुमने एक ऐसा अजूबा करिश्मा कर दिखाया है जिसे कोई सच नहीं मानेगा। मैं कल संसार के सभी देशों के राजदूतों के सामने इसका प्रदर्शन कर उन्हें भयभीत कर दूंगा ताकि वे हमारे सामने हमेशा झुके रहें, धन-दौलत हम पर लुटाते रहें, हा-हा-हा-हा!
अग्रिमे दिने विश्वस्य सर्वेषां देशानां राजदूतानां पुरतः पुत्तलस्य प्रदर्शनम् -|On the next day, the action figure was displayed in front of the ambassadors of all the countries of the world -|दूसरे दिन संसार के सभी देशों के राजदूतों के सामने पुतले का प्रदर्शन -
[हैरिसन-विद्वान् सङ्गणक-मानवम् उद्दिशन्] - गच्छ, तं विशालं कुञ्जरं युध्यस्व|[Dr.Harrison addressing the computer human] - Go fight that huge elephant|[डॉ० हैरीसन कम्प्यूटर मानव को इशारा करते हैं] जाओ, और उस विशाल हाथी से भिड़ जाओ
अनेन प्रकारेण लौहमानवस्य बलं प्रदर्शितम्|In this way the strength of the Iron Man was demonstrated.|तो फिर क्या था - लौह मानव का कमाल
सङ्गणक-मानवः तु स्व-विशाल-हस्ताभ्यां कुञ्जरे मुष्टिप्रहारं कृतवान्।|The computer-human punched the elephant with his massive hands.|कम्प्यूटर मानव ने अपने विशाल हाथों से हाथी को मुक्कों की मार मारी।
शृणु लौहपुरुष कुञ्जरम् उत्थाप्य भूमौ क्षिप।|Listen, Iron Man, pick up the elephant and throw it to the ground.|सुनो लौह पुरुषा उठाओ हाथी को और पटको जमीन पर।
एवम् आदिष्टः लौह-मानवः कुञ्जरं क्षिप्त्वा हतवान्।|Thus ordered, the Iron Man threw the elephant and killed it.|आदेश पाते ही लौह मानव ने हाथी को उछाल कर उसे बेदम कर दिया।
पश्चात् सः निकटस्थितं विशालं तरुम् उत्पाट्य क्षिप्तवान्।|Then he uprooted a huge tree nearby and threw it away.|फिर उसने पास में लगे विशाल पेड़ को जड़ से उखाड़ कर फेंक दिया।
तदनन्तरं द्वौ जनौ लोहसंयोग-यन्त्रस्य ज्वालाः अस्य कृत्रिममानवस्य उपरि विमोचितवन्तौ किन्तु किमपि न जातम्।|Then two people started blowing blue flames of welding gas on that man, but these flames had no effect on that iron man.|तभी दो व्यक्ति वैल्डिंग गैस की नीलो लपटें उस मानव पर छोड़ने लगे, लेकिन इन लपटों का उस लोह मानव पर कोई असर नहीं हुआ।
सर्वे आश्चर्यान्विताः भवन्तः आसन्। ईदृशो मानवः पूर्वं कदापि न दृष्टः स्वजीवने तैः।|Everyone was amazed. They had never seen such a human before in his life.|सभी लोग आश्चर्य चकित हो रहे थे। ऐसा मानव उन्होंने अपने जीवन में पहले कभी न देखा था।
वयम् ईदृशान् मानवान् सृष्ट्वा भवतां सर्वेषां देशेषु गुप्तचर्यार्थं प्रेषयिष्यामः। युष्माकं देशेषु यत्र कुत्रापि भयङ्कर-शस्त्राणां निर्माणं जायमानम् अस्ति तत्र अयं मानवः नष्टीकरिष्यति। ईदृश्यः यन्त्रशालाः भस्मीकरिष्यति।|We will create many such humans and send them to spy on you people's countries. Wherever terrible weapons are being manufactured in the countries of your people - this human will destroy it- such caravans will be reduced to dust.|हम इस तरह के अनेक मानव बनाकर आप लोगों के देशों में जासूसी के लिए भेजेंगे। आप लोगों के देशों में जहाँ भी भयंकर हथियारों का निर्माण हो रहा होगा - यह मानव उसे नष्ट कर देगा- ऐसे कारखानों को मिट्टी में मिला देगा।
एकः राजदूतः (भयान्वित-स्वरेण) उवाच - कि..कि..कि..किम् इमं मानवं भवान् सृष्टवान्? किम् अयं वस्तुतोमानवो नैव?|An ambassador (in a frightened self): K k k... Did you create this human? Isn't this a real human?|एक राजदूत (भयभीत स्वव में): क क क... क्या यह मानव आपने बनाया है? यह असली मानव नहीं है?
आम्, वास्तव-मानवो न अयम्, अपितु अयसा निर्मितः सङ्गणक-मानवः उत वा  यान्त्रिक-मानवः।|Yes, it's not a real human, but a computer-human made of steel... a machine human.|हाँ, यह असली मानव नहीं, बल्कि फौलाद का बना कम्प्यूटर-मानव है... मशीनी मानव।
न मन्यामहे। कृत्रिम-मानवो न सः। मांसास्थ्ना निर्मितः अयम्।|We can't believe it. This is not a fake human. It is of flesh and bones like ours.|हम यह नहीं मान सकते। यह नकली मानव नहीं है। यह तो हमारे जैसा हाड़-मांस, का है।
कृत्रिम-मानवः अनया रीत्या चलनम् उत्थानम् उपवेशनं च न शक्नोति। भवतः कथनं न विश्वसिमः।|Fake humans can't walk, get up and sit like this. We don't believe you.|नकली मानव इस तरह से चल-फिर, उठ-बैठ नहीं सकता आपकी बात का हमें विश्वास नहीं।
ततः हैरीसन-विद्वान् काञ्चित् छुरिकां गृहीत्वा पुत्तलस्य पार्श्वे आगत्य स्थितवान्।|Then Dr. Harrison picked up a knife and approached the statue.|तभी  डॉ० हैरीवसन ने एक छुरा उठाया और पुतले के पास आकर खड़े हो गये।
दृश्यतामेव, सत्यस्य प्रमाणं नूनं दास्यामि। अस्मात् रक्तं न बहिः प्रवहिष्यति। छुरिकया त्वचि छेत्तुमपि न शक्ष्यामि।|See, I give you the true proof of it. It will not bleed. The knife won't even be able to pierce its skin.|देखिये, मैं आपको इसका सच्चा सबूत देता हूँ। इसके खून नहीं निकलेगा। छुरा इसकी खाल में छेद भी नहीं कर पायेगा।
यदा हैरिसन-विद्वान् पुत्तले छुरिकया प्रहृतवान् तदा सः अनियन्त्रितः भूत्वा हैरिसन-विदुषः उपरि आक्रमणं कृतवान्।|As soon as Dr. Harrison hurled at the mannequins, he pounced on Dr. Harrison uncontrollably.|डॉ० हैरीसन ने जैसे ही पुतले पर छुरा मारा, वह बेकाबू होकर डॉ० हैरीसन पर झपट पड़ा।
सः हैरिसनस्य कण्ठं वक्रीकृतवान्। एवं हैरिसनस्य मर्दनं सञ्जातम्।|He twisted Harrison's throat. Harrison became pulp.|उसने हैरीसन का गला मरोड़ दिया। हैरीसन वहीं ढेर हो गया।
जनसम्मर्दे आतङ्कः प्रसृतः। सर्वे ततः उत्थाय धावितुम् आरब्धवन्तः। पुत्तलः अनियन्त्रितः अभवत्। सः ततः पलायितवान्।|People were in a panic. Everyone got up and ran away. The mannequin was out of control. He ran away from there.|लोगों में भगदड़ मच गयी। सभी वहां से उठकर भागने लगे पुतला बेकाबू हो गया था। वह वहाँ से भाग निकला।
सः लौह-पुत्तलः कांश्चित् धावतः जनान् गृहीत्वा हतवान्। कारयानानि द्विचक्रिकाः च इतस्ततः क्षिप्तवान्।|That iron-doll caught and killed many people as they fled. Cars, motors thrown around.|उस लौह-पुतले ने भागते हुए कई लोगों को पकड़कर मार डाला। कारों, मोटरों की इधर-उधर फेंक दिया।
यया वीथ्या सः गतवान् तस्यां विथ्यां हाहाकारम् जनितवान्। रक्षकभट-यानैः जनाः सचेताः क्रियमाणाः आसन्। सः लौह-पुरुषः तु मदकुञ्जरवत् स्वस्य पुरतः यत् किमपि लभ्यते तत् नष्टीकृतवान्।|The road he passed would be in horror. Police cars were alerting people. And that Iron-Man, like a mad elephant, would destroy whatever he found in front of him.|जिस सड़क से वह गुजरता, वहाँ हाहाकार मच जाता। पुलिस की गाड़ियाँ लोगों को सचेत कर रही थीं। और वह लौह-पुरुष मस्त हाथी की तरह जो भी सामने पाता, उसे नष्ट-भ्रष्ट कर देता।
हरि ओम्, मुख्यालय। लौहमानवः अनियन्त्रितः सन् सर्वत्र विनाशं विदधन् राजधानीं प्रति प्रस्थितः अस्ति।|Hello Hello Headquarters Iron-man is out of control and heading towards the capital in devastation.|हैलो हैलो हैडक्वाटर लौह- मानव बेकाबू है और तहस नहस करता हुआ राजधानी की ओर बढ़ रहा है।
आदिवसम् आतङ्कं सृष्ट्वा लौह-मानवः नगरात् निर्गत्य अकस्मादेव अन्धकारे विलीनः बभूव।|Creating a stir in the day, the Iron Man came out of the city and suddenly vanished into the darkness.|दिनभर तहलका मचाता हुआ लौह-मानव शहर से बाहर निकल कर अचानक अन्धेरे में विलीन हो गया।
वैज्ञानिकानां समूहे तु केचन उच्चैः हसन्तः आसन्।|Meanwhile, three or four scientists in the group of scientists were guffawing.|उधर वैज्ञानिकों की टोली में तीन-चार वैज्ञानिक कहकहा लगा रहे थे।
हहहह। स्वं स्वामिनं मत्वा आचरितवान् सः मूर्खः। किन्तु न अवगन्तुं शक्तवान् यत् लौह-मानवः मम वशे अस्ति। मम सूचनां लब्ध्वा हि लौह-मानवः तं यमालयं प्रेषितवान्। अस्मै क्षणाय हि चिरकालात् प्रतीक्षारतः आसम्। अधुना मया पुत्तलः नियन्त्रणात् विमोचितः। सम्प्रति ईदृशं विनाशं विधास्यति यत् लोकः दर्शनात्परं किमपि न कर्तुं शक्नोति।|Ha ha ha was pretending to be a big boss but turned out to be a fool. I couldn't even fathom that I was in control of Iron-Man. As soon as he got my nod, Iron-Man finished his job. I had been waiting for this opportunity for a long time. Now I let the mannequin out of control. Now he will cause such havoc that the world will remain watching.|हा हा हा बड़ा बॉस बना फिरता था लेकिन मूर्ख निकला। इतना भी नहीं समझ पाया कि लौह-मानव का नियंत्रण मेरे हाथ में था। मेरा इशारा मिलते ही लौह-मानव ने उसका काम तमाम कर दिया। इस मौके का बड़े दिनों से इन्तजार था मुझे। अब मैंने पुतले को नियंत्रण से मुक्त कर दिया। अब वह ऐसी तबाही मचा येगा कि दुनिया देखती रह जायेगी।
भवान् तु बहु बुद्धिमान् गुस्टाफ़-विद्वन्। भवतः प्रतिभाम् अभिजानीमः। भवान् एव पुत्तलाय मस्तिष्कं प्रदत्तवान् किल।|You turned out to be very intelligent, Dr. Gustaf. We all believe in your skill. After all, you put the brains in the mannequin.|आप बड़े समझदार निकले डॉ० गुस्टाफ। हम सब आपका लोहा मानते हैं। आखिर पुतले में दिमाग तो आप ही ने लगाया था।
नूनं तु वयं विनशलीलाम् आस्वादयामः। अनन्तरम् ईदृशान् इतरान् पुत्तलान् नियन्त्र्य इतरेषु देशेषु प्रेषयिष्यामः। एवम् असीमित-धनं स्वीकृत्य धनिकाः भविष्यामः। विश्वस्योपरि स्वामित्वं प्राप्स्यामः।|And now we will enjoy the destruction. Then they will keep such puppets under their control and release them in other countries and become rich with wealth. We will have authority over the world.|और अब हम विनाश लीला का आनन्द लेंगे। फिर ऐसे ही पुतलों को अपने नियंत्रण में रखकर अन्य देशों में छोड़ेंगे और धन-दौलत से मालामाल हो जायेंगे। दुनिया पर हमारा अधिकार होगा।
ते अपायकराः लोलुपाः वैज्ञानिकाः लौह-मानवं नियन्त्रणात् विमोच्य विनाशलीला-दर्शनम् आस्वादयितुम् इष्टवन्तः। विश्वं भीतीकर्तुम् इष्टवन्तः। किन्तु अपरत्र कश्चन धर्मशीलः वैज्ञानिकः संसारे आतङ्कं भयं च दूरीकृत्य सुख-शान्तिं स्थापयितुं कार्यरतः आसीत्। स्वीये कार्ये कस्यचन युवकस्य साहाय्यं स्वीकृतवान्। अन्यं चमत्कारं प्रस्तोतुम् इष्टवान्।|They wanted to unleash the dangerous and greedy scientific Iron-Man from control and watch the spectacle of destruction. They wanted to frighten the world and meanwhile a moral scientist was trying desperately to spread happiness and peace by removing the tension and fear spreading in the world. He wanted to present another wonder by enlisting the help of a young man for this task.|वे खतरनाक और लोभी वैज्ञानिक लौह-मानव को नियंत्रण से मुक्त कर विनाश-लीला का तमाशा देखना चाहते थे। संसार को भयभीत कर देना चाहते थे और उधर एक सच्चा वैज्ञानिक संसार मे फैल रहे तनाव और भय को दूर कर सुख-शान्ति फैलाने की जी-तोड़ कोशिश में लगा था। वह इस कार्य के लिये एक नौजवान की सहायता लेकर एक और अजूबा प्रस्तुत करना चाहता था।
वत्स शेखर त्वं तु विज्ञानस्य अध्ययनं सुष्ठुतया कृतवान्। अहं तु यस्य गुणवतः बुद्धिमतः वीरयूनः कल्पनां कृतवान् तस्मात् बहु अतीतः अभवः त्वम्। अधुना अध्ययनं न्यूनीकृत्य स्वशरीरम् आयसं कर्तुं प्रयतस्व। अद्य प्रभृति तव प्रशिक्षणम् आरभते।|Son Shekhar, you have studied science well. You are much more than the promising, intelligent and brave young man I had imagined. Now reduce your studies and try to become physically strong. Your training starts today.|बेटे शेखर, तुमने विज्ञान का अच्छा-खासा अध्ययन कर लिया है। मैंने जैसे होनहार, होशियार और वीर-जवान की कल्पना की थी, तुम उसको कहीं ज्यादा निकले। अब अध्ययन को कम कर शरीर से फौलादी बनने की कोशिश करो। आज से तुम्हारा प्रशिक्षण शुरू।
अस्तु, जॉन-पितृव्य।|yes, uncle john|ठीक है, अंकल जॉन।
जॉन-विद्वान् शेखराय विविधाः युद्ध-कलानां तथा च व्यायामस्य प्रशिक्षणं ददौ।|Dr. John trains Shekhar in a variety of martial arts and exercises.|डॉ० जॉन शेखर को तरह-तरह की युद्ध-कला तथा व्यायाम का प्रशिक्षण देता है।
शेखरः जूडो-कराटे इत्येतयोः प्रशिक्षितः बभूव।|Training in Judo-Karate.|जुडो-कराटे का प्रशिक्षण लेते हुये।
वायुच्छत्रेण अवतरणम्।|Descending by parachute.|पैराशूट से उत्तरते हुये।
शेखरः प्रत्येकस्मै परीक्षणाय सिद्धः भवितुम् उद्यतः बभूव।|Shekhar was ready to learn every kind of test.|शेखर हर प्रकार का परीक्षण सीखने के लिए तैयार था।
अचिरादेव शेखरः लक्ष्यभेदे प्रतिभावान् बभूव।|Shekhar became an expert marksman in a short time.|शेखर कुछ ही समय में निशाने लगाने में माहिर हो गया
रज्ज्वाम् चलनं तस्मै बहु रोचते स्म।|He began to enjoy walking on the rope.|रस्से पर चलने से उसे बहुत आनन्द मिलने लगा।
अति-भार-तोलनं तस्मै सरलम् बभूव।।|Even heavy weight was simple for him.|भारी ये भारी वजन भी उसके लिये मामूली था।
अश्वरोहे अपि सः कुशलः बभूव।|He was also very good at horseback riding.|घुड़सवारी में भी वह बहुत होशियार गया था।
जॉन-विद्वान् तस्मै मुक्त-रीति-मल्ल-विद्यामपि प्रददौ।|Dr. John also taught him freestyle wrestling.|डॉ. जॉन ने उसे फ्री स्टाईल कुश्ती की भी शिक्षा दी।
बहुकालस्य परिश्रमानन्तरं शेखरः आयसदेही बभूव। शेखरस्य परिश्रमतः निश्चयतातः च  जॉन-विद्वान् प्रसन्नः बभूव।|After many days of hard work, Shekhar owns a steely body. Dr. John is very pleased with Shekhar's hard work and dedication.|कई दिनों की कड़ी मेहनत के बाद शेखर फौलादी शरीर का मालिक बन जाता है। शेखर की मेहनत और लगन से डॉ० जॉन बहुत खुश होते हैं।
शेखर, अधुनैव वस्तुतः त्वं मत्कृते उपयोगाय जातः। संप्रति सुखशान्तिशत्रून् धनलोलुपान् विनाशभोक्तॄन् संसारभयान् च सम्मुखीकर्तुं शक्नोमि।|Shekhar, now you are really worthy of me. Now I can venture to collide with those of the world who are enemies of peace and tranquillity, greedy for wealth, who enjoy destruction, who want to terrify the world.|शेखर, अब तुम सचमुच मेरे लायक बन गये हो। अब मैं दुनियाँ के उन लोगों से टक्कर लेने का साहस कर सकता हूँ जो अमन-चैन के दुश्मन है, धन-दौलत के लोभी हैं, जिन्हें विनाश में मजा आता है, जो संसार को भयभीत करना चाहते हैं।
पितृव्य, पूर्णतया तव साहाय्यं करिष्यामि।|Uncle, I will help you with all my heart.|अंकल मैं आपकी जी जान से सहायता करूंगा।
आयस-सिंहः इति नाम्ना तव नामकरणं करोमि। मम शार्दूल तव शरीरम् आयसम् अभवत्।|From today onwards I name you fauladi Singh. Your body has become steel, my lion.|आज से मैं तुम्हारा नाम फौलादी सिंह रखता हूँ। तुम्हारा जिस्म फौलादी बन चुका है मेरे शेर।
तथास्तु पितृव्य, अद्यारभ्य आत्मानम् "आयस-सिंहः" इत्येव वदिष्यामि। वचनमपि दास्ये यत् विद्यायाः कदापि दुरुपयोगं न करिष्ये।|Okay uncle, I will call myself Fauladi Singh from today. And I promise I will never abuse my learning.|ठीक है अंकल, मैं आज से अपने को फौलादी सिंह ही कहूंगा। और वचन देता हूँ कि अपनी विद्या का मैं कभी दुरुपयोग नहीं करूंगा।
अनन्तरं कदाचित् प्रभाते पूर्णनगरे हाहाकारः प्रचलितः। वीथीषु बसयानानि, कारयानानि, भारवाहनानि इत्यादीनि नष्टानि दृश्यमानानि आसन्।|Then..... one morning the whole city is in a state of panic. Cars, buses, trucks etc. parked on the roads are found in broken condition.|तभी..... एक सुबह सारे शहर में हाहाकार मच जाता है। सड़कों पर खड़ी कारें, बस, ट्रक आदि टूटी-फूटी हालत में पायें जाते हैं।
अरे! मम कारयानस्य यन्त्रं चाक्राणि च कुत्र?|Hey! Where did the engine and wheels of my car go?|अरे! मेरी कार का इंजन और पहिए कहाँ गये।
केन मम भारवाहनं भञ्जितम्?|Who broke my truck!!|मेरा ट्रक किसने तोड़ दिया!!
मम द्विचक्रिका केनचित् वक्रीकृतम्|My scooter, looks like someone twisted it.|मेरा स्कूटर, लगता है किसी ने जैसे मरोड़ दिया हो।
केन विहितः अयं विनाशः? एकस्मिन् एव नक्ते?|Who must have done this destruction? In one night!|यह विनाश किसने किया होगा। एक ही रात में!
एकस्मिन् दिने यदा कश्चन मेषपालः स्वमेषान् चारयितुं नीतवान्, तदा अकस्मादेव पर्वतस्य पृष्ठतः कश्चन आगच्छन् दृष्टः।|And one day... when a shepherd was grazing his sheep. Suddenly he saw someone coming from behind the mountain!|और एक दिन... जब एक चरवाहा अपनी भेड़ें चरा रहा था तो....। अचानक पहाड़ के पीछे से किसी को उसने आते देखा!
सः मानवः झटीति एव समीपस्थं वृक्षम् उत्पाट्य मेषानामुपरि क्षेप्तुम् इष्ट्वान्। |The person hurriedly uprooted a nearby tree and wanted to throw it at the sheep.|उस व्यक्ति ने आनन-फानन में ही पास में लगा एक वृक्ष उखाड़कर भेड़ों पर फेंकना चाहा।
द्वादशशः मेषाः वृक्षस्य अधः पतित्वा हताः जाताः।|Dozens of sheep are crushed to death under the massive tree.|दर्जनों भेड़ें उस विशाल वृक्ष के नीचे दबकर मर जाती हैं।
मेषपालः प्राणभयेन आक्रोशन् पलायितवान्।|The shepherd runs away screaming in fear.|चरवाहा डर के मारे वहाँ से चिल्लाता हुआ भाग जाता है।
मेषपालकः नगरं प्राप्य जनान् निवेदयामास।|The shepherd reaches the city and tells the people.|चरवाहा शहर पहुँचकर लोगों को बताता है।
कश्चन पिप्पलवृक्षम् उत्पाट्य मम मेषाणाम् उपरि क्षिप्त्वान्। मम द्वादशशः मेषाः विमर्दिताः भूत्वा मृताः।|A man boiled a poplar tree and threw it at my sheep. Dozens of my sheep were smothered to death.|एक आदमी ने पीपल का पेड़ उखाड़ कर मेरी भेड़ों पर फेंका। मेरी दर्जनों भड़ें दब कर मर गयीं।
अयम् उन्मत्तः इति भाति।|Looks like he's gone crazy.|लगता है पागल हो गया है।
कथं मनुष्येण वृक्षम् उत्पाट्य क्षेप्तुं शक्यते?|Can a man uproot a tree and throw it away?|कहीं मनुष्य वृक्ष उखाड़ कर फेंक सकता है?
अपरस्मिन् दिने सः लौह-मानवः केन्द्रीय-कारागारे द्वारं प्राप्तवान्।|And one day he arrives at the door of Iron Man Central Prison.|और एक दिन वह लौह मानव सेन्ट्रल जेल के दरवाजे पर पहुंच जाता है।
किमेव? अपसर, द्वारं न उद्घटिष्यते।|What is it? Run, the gate won't open now.|क्या है? भागो अब गेट नहीं खुलेगा।
किन्तु तदा लौह-मानवः हस्ताभ्यां द्वारम् उत्पाट्य क्षिप्तवान्। भटः आक्रोशयन् पलायितवान्।|But then Iron-Man threw up the gate with both hands. The soldier ran away, screaming.|लेकिन तभी लौह-मानव ने दोनों हाथों से गेट उखाड़ कर फेंक दिया। सिपाही चीखते-चिल्लाते भागा।
त्राहि त्राहि। प्रेत प्रेत।|Save me, save me. Phantom Phantom.|बचाओ, बचाओ। प्रेत प्रेत।
लौह-मानवः तु कारागारे बहूनां कक्षाणां द्वाराणि बभञ्ज। एकस्य द्वारस्य शूलानि चर्वयन् आसीत्। बहवः क्रूराः कारावासिनः पलायितवन्तः।|Iron Man broke the doors of several prison cells. and began to chew the bars of a door in his mouth. Many dangerous prisoners escaped from the jail.|लौह-मानव ने जेल की कई कोठरियों के दरवाजे तोड़ दिये। और एक दरवाजे की सीखचों को मुँह में रखकर चबाने लगा। कई खूखार कैदी जेल से भाग गये।
प्रेत! प्रेत! त्राहि! त्राहि! पलाय! पलाय!|Ghost...Ghost...!Save....save...run...run!|भूत...भूत...! बचाओ....बचाओ...भागो...भागो!
बहवः रक्षकभटाः तु लौह-मानवस्योपरि गोलिका-प्रहारः कृतवन्तः। किन्तु कोऽपि प्रभावः न जातः। सः तु आनन्देन लौह-शूलं चर्वयन् आसीत्।|Several policemen fired shots at the iron- man. But it had no effect. He chewed the iron rods merrily.|कई पुलिस वालों ने लौह-मानव पर गोलियां चलाई। लेकिन उसे कोई असर नहीं हुआ । वह मस्ती से लोहे की छड़ें चबाता चला गया।
यदा रक्षक-भट-दलस्य महानिरीक्षकः घटनायाः विषये श्रुतवान् तदा व्याकुलः जातः। जॉन-विद्वांसम् आहूतवान्।|Police K.I. G.S. was upset when he heard about the incident. He called Dr. John to him.|पुलिस के आई. जी. ने जब यह घटना सुनी तो परेशान हो उठे। उन्होंने डॉ० जॉन को अपने पास बुलाया।
अपायकरी घटना जाता, जॉन-विद्वन्। अयं मानवः साधारणः न। बहिर्लोकागतो वा वैज्ञानिक-चमत्कारो वा।|This is a very dangerous incident. John ! That human being is not an ordinary human being. Either that came from an outside world or the core scientific marvel….|यह बहुत ख़तरनाक कांड हुआ है डॉ. जॉन ! वह मानव कोई साधारण मानव नही है। या तो वह किसी बाहरी दुनियां से आया या फिर कोर वैज्ञानिक चमत्कार....
चिन्ता मास्तु। शीघ्रमेव अन्वेषणं करिष्यामि।|You don't have to worry. I figure it out soon enough.|आप चिन्ता न करें। मैं शीघ्र ही इसका पता लगाता हूँ।
जॉन-विद्वान् प्रयोगशालायाम् आयस-सिंहम् आहुतवान्। आयस-सिंहेन सह स्वीयं मित्रं लम्बः अपि आगतवान्। जॉन-विदुषः हस्ते भुशुण्डिः आसीत्। अथ सः आयस-सिंहं प्रीत्या आयस इति उक्त्वा आहूतवान्।|Dr. John calls Fouladi Singh into the laboratory. Steel Singh is accompanied by his friend Lambu. Dr. John has a pistol in his hand. And he affectionately calls Fauladi Singh Lion as Faulad.|डॉ० जॉन प्रयोगशाला में फ़ौलादी सिंह को बुलवाते हैं। फौलादी सिह के साथ उसका दोस्त लम्बू भी आता है। डा० जान के हाथ में एक पिस्तौल है। और वह फौलादी सिंह को प्यार से फौलाद कहकर पुकारते हैं।
अद्य तु स्वस्य मित्रमपि स्वेन सह आगतवान्। अस्तु। पश्य आयस तं विचित्र-मानवं सम्मुखीकर्तुम् इमां किरण-भुशुण्डिं स्वीकुरु। इयं बह्वी उपयोज्या भविष्यति। अथ...|Today, your friend has joined you well... look steel keep this ray pistol to yourself to deal with that strange human. This will be very helpful for you. And...|आज तो तुम्हारा मित्र भी तुम्हारे साथ आ गया है खैर... देखो फौलाद उस विचित्र मानव से निपटने के लिए यह किरण पिस्तौल अपने पास रखो। यह तुम्हारे लिये बहुत सहायक होगी। और...
जॉन-विद्वान् आयसाय विवृण्वन् आसीत् यदा लम्बः प्रयोगशालायां भ्रमन् वस्तूनि पश्यन् आसीत्। कस्यांश्चित् जलकूप्यां रङ्गि-जलं दृष्ट्वा उत्थापितवान्।|Dr. John was just explaining it to Faulad when Lambu started rummaging through the objects in the lab. He saw the colored water in a bottle and picked it up.|डॉ० जॉन अभी फौलाद को समझा रहे थे कि लम्बू प्रयोगशाला की वस्तुओं को घूम-घूमकर देखने लगा। एक बोतल में रंगीन पानी को देख उसने उठा लिया।
अहो! जॉन-पितृव्यस्य प्रपानकम्! किञ्चित् आस्वादितव्यम्.. कियत् रुचिकरम्!|Aha! Uncle John's Sherbet! Let me Just taste it.. how enjoyable it is!|अहा! अंकल जॉन का शर्बत! जरा चखें तो.. कितना मज़ेदार है यह!
प्रपानकं पीत्वा हि लम्बः भूमौ पतितवान्। तस्य शरीरे विचित्रं परिवर्तनं जायमानम् आसीत्।|As soon as he drank the sorbet, Lambu fell to the floor. His body began to undergo strange changes.|शर्बत पीते ही लम्बू फर्श पर गिर पड़ा। उसके शरीर में विचित्र परिवर्तन होने लगा।
तस्य पातस्य शब्दं श्रुत्वा जॉन-विद्वान् आयस-सिंहः च तस्य समीपे आगतवन्तौ।|Hearing the sound of him falling, Dr. John and Faulad ran towards him.|उसके गिरने की आवाज को सुनकर डॉ. जॉन और फौलाद उसकी ओर भागे।
जॉन-विद्वान् जलकूपीं गृहीत्वा नामपत्रं पठितवान्।|Dr. John holds the bottle and reads its label.|डॉ जॉन बोतल को हाथ में लेकर उसका लेबल पढ़ते हैं।
आश्चर्यम्! अयं सूक्ष्मीकरणस्य औषधिं पीतवान्!|It was amazing! He has consumed the drug that makes one a dwarf!|गजब हो गया! इसने तो सूक्ष्म होने वाली दवा पीली है!
अधुना किं भविष्यति पितृव्य?|What will happen now, Uncle?|अब क्या होगा अंकल?
अधुना किमपि न कर्तुं शक्यते, आयस! तव मित्रस्य शरीरं वामनम् अवश्यं भविष्यति। अस्य औषधस्य रोधकः मम पार्श्वे नास्ति यः एतं वामनत्वात् रक्षयितुम् शक्नोति।|Nothing can be done, faulaad! Your friend's body will remain dwarfed. I have no counter to this drug to keep him from being dwarfed.|अब कुछ नहीं हो सकता फौलाद! तुम्हारे दोस्त का शरीर बौना होकर ही रहेगा। इस दवा का मेरे पास कोई काट नहीं है कि मैं इसे बौना होने से बचा लूँ।
आयसस्य प्रीतिपात्रस्य लम्बस्य शरीरं शनैः-शनैः लघूभवन् आसीत् एवं च सः पूर्णतया निर्जीववत् शयितः।|Faulad's best friend Lambu's body was slowly getting small and he lay as if completely lifeless.|फौलाद के जिगरी दोस्त लम्बू का शरीर धीरे-धीरे घटता जा रहा था और वह बिल्कुल निर्जीव-सा पड़ा हुआ था।
आगच्छ आयस, इतः चल! एकद्वे होरे चलति इयं प्रक्रिया। लम्बः तिसृभ्यः होराभ्यः सचेतः भविष्यति। तदा पर्यन्तं वामनत्वे परिवर्तिष्यते।|Come on, Faulad, let us go! This process takes a couple of hours. Lambu will be awake in three hours. Until then, he will turn into a dwarf.|आगच्छ आयस, इतः चल! एकद्वे होरे चलति इयं प्रक्रिया। लम्बः तिसृभ्यः होराभ्यः सचेतः भविष्यति। तदा पर्यन्तं वामनत्वे परिवर्तिष्यते। 
अन्यत्र ते लोलुपाः वैज्ञानिकाः ईदृशान् इतरान् विनाशकान् लौह-पुत्तलान् सज्जीकर्तुम् उद्युताः आसन्। गुस्टाफः उवाच -|On the other hand, those greedy scientists were preparing other such destructive iron statues. Gustaf was saying:|उधर वे लोभी वैज्ञानिक इसी तरह के अन्य विनाशक लौह-पुतले तैयार कर रहे थे। गुस्टाफ कह रहा था :
अस्माकं लौह-मानवेन सफलतया जनाः आतङ्किताः क्रियमाणाः आसन्। अस्माकं प्रयोगः सफलो जातः। ईदृशान् पुत्तलान् प्रत्येकस्मिन् देशे प्रेष्यिष्यामि। मया नियन्त्रिताः ते मम आदेशानुसारेण मम मनइच्छाः पूरयिष्यन्ति। हा हा हा!|Our Iron Man is successfully terrorizing people. Our experiment was successful. I will send statues like this to every country. They will be under my control and do what I want on my orders. Ha ha ha|हमारा लौह-मानव सफलता पूर्वक लोगों को आतंकित करने में लगा हुआ है। हमारा प्रयोग सफल रहा। इस तरह के पुतले हर देश में भेजूंगा। वे मेरे नियंत्रण में रहेंगे और मेरे आदेश पर मेरा मन चाहा काम करेंगे। हा हा हा
तेषां शक्ति-सामर्थ्यम् आकलयितुम् लौह-पुत्तलाः अग्नौ, जले, बहूच्चत्वात् च पात्यमानाः, विद्युदाघातं तथा च बहुं निपीडं स्वीकुर्वन्तः आसन्।|Iron statues are being tested by throwing them through fire, water, from quite a height, shocking them with electricity and pressing them under high pressure to gauge their power.|लौह-पुतलों को आग, पानी, काफी ऊँचें से फेंककर, बिजली का झटका लगाकर तथा उच्च दाब पर दबाकर  रखा जा रहा है ताकि उनकी शक्ति- सामर्थ्य का अन्दाजा लग सके।
मस्तिष्कस्य वैद्युतप्रणाल्याः सर्वं कार्यं गुस्टाफ-वैज्ञानिकः स्वयं कुर्वन् आसीत्। स्मरण-शक्तिं, चिन्तन-शक्तिं च स्रष्टुं सर्वायां क्रियायां स्वम् अतिरिच्य अन्यम् कमपि योजयितुं न इष्टवान् सः।|Scientist Gustaf himself sees all the working of the electronic system of the brain. He wanted to involve no one but himself in all the act of remembering and thinking.|दिमाग़ के इलेक्ट्रॉनिक सिस्टम का सारा कार्य वैज्ञानिक गुस्टाफ स्वयं देखता है। स्मरण-शक्ति, सोच-विचार की सारी क्रिया में वह अपने अलावा अन्य किसी को शामिल नहीं करना चाहता था।
मस्तिष्कयन्त्रं योजयित्वा गुस्टाफ-विद्वान् पुत्तलान् भित्तौ निर्मिते गुप्त-कपाटिकायां स्थापितवान्।|After adding the brain machine, the Gustaf scholar placed the marionettes in a secret valve built into the wall.|दिमागी यन्त्र फिट करने के बाद डॉ० गुस्टाफ पुतलों को दीवार में बनी गुप्त अलमारी में रखता जाता है।
यदा इमे लौह-मानवाः सम्भूय विश्वस्य राष्ट्रेषु विनाश-लीलां विरचयितुं त्यक्ष्यामि तदा कम्पः भविष्यति। इमे पुत्तलाः मम आदेशानुसारेण राष्ट्राणां सर्वकारान् परिवर्तयिष्यन्ति। धनकोषान् रिक्तीकृत्य मम समक्षे एकत्रितीकरिष्यन्ति। संसारे अहमेवशासिष्यामि.... हा हा हा!!|When these iron-men are unleashed together to wreak havoc in the countries of the world, there will be a panic. These mannequins, at my behest, will overthrow the governments of countries. They will empty the treasures and pile them in front of me. An umbrella over the world will be my rule.... ha ha ha!!|जब ये लौह-मानव एक साथ संसार के देशों में तबाही मचाने को छोड़े जायेंगे तो तहलका मच जायेगा। ये पुतले, मेरे इशारे पर देशों की सरकारों का तख्ता पालट देंगे। खजाने खाली कर मेरे सामने ढेर लगा देंगे। संसार पर एक छत्र मेरा शासन होगा.... हा हा हा!!
तत्र जॉन-विदुषः प्रयोग-शालायां लम्बः वामनः बभूव। जॉन-विद्वान् लम्बस्य लघु शरीरम् उत्थापयित्वा उत्पीठीकायां स्थापयामास।|Meanwhile, in Dr. John's lab, Lambu becomes a dwarf. Dr. John picks up Lambu's tiny body and places it on the table.|उधर डॉ० जॉन की प्रयोग शाला में लम्बू बौना बन जाता है। डॉ. जॉन लम्बू के नन्हे से शरीर को उठाकर मेज पर रख देते हैं।
ब्रूहि लम्ब! पीडा अस्ति किम्? अपृष्ट्वा इमाम् औषधिं पीत्वा समस्याम् आहूतवान् त्वम्। वामनत्वात् औन्नत्यं प्रति आपयितुम् औषधिं कदा निर्मातुं शक्ष्यामि इति तु न जाने!|Say Lambu! You don't have any trouble. You bought trouble by taking this medicine without asking. When will I be able to make the medicine to go taller than a dwarf!|कहो लम्बू! तुम्हें कोई कष्ट तो नहीं है। बिना पूछे यह दवा पीके  तुमने मुसीबत मोल ले ली। बौने से लम्बे होने की दवा जाने में कब बना पाऊँगा!
किन्तु लम्बः तु दुखस्य स्थाने आनन्दम् अनुभवन् आसीत्।|But Lambu wasn't regretting it. Instead, he was happy.|लेकिन लम्बू को इसका कोई पछतावा नहीं हो रहा था। बल्कि वह तो खुश था।
जॉन-पितृव्य चिन्ता मास्तु। इदं वामनं रूपं रोचते मे। अधुना अहं सदा मित्रेण आयसेन सहैव सरलतया निवसामि। तस्य कोषे एव मम गृहं भविष्यति। साधु किल आयस!|Uncle John, don't worry. I love this dwarf look. Now I will always be able to easily live with my friend Faulad. His pocket will be my home. Is it not, faulad?!|अंकल जॉन, चिन्ता मत कीजिये। यह बौना रूप मुझे बहुत पसन्द है। अब मैं हमेशा अपने दोस्त फौलाद के साथ आसानी से रह सकूंगा। उसकी जेब मेरा घर होगा। क्यों फौलाद!
आम् लम्ब! अधुना तव पालनं मम कर्तव्यमेव।|Yes, Lambu, now I have to take care of your.|हाँ लम्बू अब तो तुम्हारा ख्याल हो पड़ेगा।
पितृव्य, तस्य विचित्र-मानवस्य कुकृत्यानि वर्धमानानि सन्ति। सः नाम कः इति अवगन्तुं न शक्यते? किं सः अन्यस्मात् ग्रहात् आगतः? |Uncle, the antics of that strange human are growing. Something doesn't make sense who is he after all? Did he come from another planet?|अंकल, उस विचित्र मानव की हरकतें बढ़ती ही जा रही हैं। कुछ समझ में नहीं आता कि वह आखिर है कौन? क्या वह किसी अन्य ग्रह से आया है ?
जनानां विवरणेषु एवं न भाति। तस्य मुखं मनुष्यवत् इति भाति।|It doesn't sound like it from people's statements. He looks like a human being like us in appearance.|लोगों के बयान से ऐसा तो नहीं लगता। वह शकल-सूरत में हमारे जैसा ही मनुष्य लगता है।
किरण-भुशुण्डिः तं मानवं सम्मुखीकर्तुं शक्नोति किम्?|Will the ray-pistol be able to counter that human?|किरण-पिस्तौल उस मानव का मुकाबला कर सकेगी?
स्पष्टतया वक्तुं न शक्यते। भुशुण्डिः तु बहु शक्तिशाली एव। अस्याः किरणाः लोहमपि खण्डीकर्तुं शक्नुवन्ति। सौर्योर्जया इयं भुशुण्डिः स्वयमेव आवेशिता भवितुं शक्नोति। इतराणि वस्तूनि अपि दातव्यानि मया ते। आगच्छ....।|cannot be said. By the way, this pistol is very powerful. Its rays have the ability to shred even iron. This pistol automatically charges in sunlight. You have some more items to give. Come on.|कहा नहीं जा सकता। वैसे यह पिस्तौल बहुत शक्तिशाली है। इसकी किरणें लोह को भी चीर देने की क्षमता रखती हैं। सूरज की रोशनी में यह पिस्तौल अपने आप चार्ज होती रहती है। तुम्हें कुछ वस्तुयें और भी देनी है. आओ....।
यदा तौ उभौ अन्यं कक्षं प्रति उद्यतः तदा आयसः लम्बम् उत्थापयित्वा कोषे स्थापितवान्।|As they head towards another room Faulad picks up Lambu and puts it in his pocket.|वे दोनों एक अन्य कमरे की ओर बढ़ते हैं तो फौलाद लम्बु को उठाकर जेब में डाले लेता है।
अहम् इतोऽपि अधिकानि कानिचन वस्तूनि आविष्कृतवान्।|I have invented a few more weird things.|मैंने कुछ और अजीबो-गरीब वस्तुओं का क आविष्कार किया है।
स्वीकृत्य कटिबन्धमिम् सदा कटौ बधान। अस्य हरिद्वर्ण-कुड्मं नुदेः चेत् अस्य यन्त्र-शक्तिः त्वां स्व-गुरुत्वाकर्षतः विमोच्य लघुभारं कुर्यात् तथा च इच्छानुसारं कुत्रचिदपि उड्डयित्वा प्राप्नुयाः।|This belt, keep it always tied around the waist. Pressing its green button, its mechanical power will lighten you free from the gravitational pull and you can fly to anywhere you wish.|यह लो बैल्ट, इसे हमेशा कमर में बाँधे रखना। इसके हरे बटन को दबाते इसकी यंत्र-शक्ति तुम्हें गुरुत्व आकर्ष से मुक्त कर हल्का फुल्का कर देगी और तुम अपनी इच्छानुसार कहीं भी उड़कर पहुंच सकते हो।
अस्य पीतकुड्मं गतिं वर्धयति। रक्तकुड्मं नुदेः चेत् त्वं भूमौ एव स्थिरः भविष्यति। कृष्णकुड्मं नुदेः चेत् इतः निस्स्रियमाणाः अदृश्य-किरणाः तव शरीरं परिवरीष्यन्ति तथा च त्वां कस्मादपि बलवतः अस्त्रस्य प्रहारात् रक्षयिष्यन्ति।|Press yellow button to speed up. Pressing the red button will allow you to stay still on the ground. When you press the black button, the invisible rays from it will surround your body and you will be able to avoid being hit by any powerful weapon.|इसका पीला बटन गति तेज करने के लिए है। लाल बटन दबाने पर तुम जमीन पर स्थिर रह सकोगे। इसका काला बटन दबाते ही इसमें से निकलने वाली अदृश्य किरणें तुम्हारे शरीर को घेर लेंगी और तुम किसी भी शक्तिशाली हथियार की मार से बच सकोगे।
परिधानमिदमपि स्वीकुरु। अन्तः धर। इदं पारदर्शकं परिधानम् न द्रक्ष्यते। अग्निः, तीव्र-घर्मः, शैत्यं, भुशुण्डि-गोलिका इत्यादिनां प्रभावः न भविष्यति!|And this dress. Wear it inside. This transparent dress will not be visible when worn. Fire, intense heat, cold, bullets, etc. will have no hope on it!|और यह लो पोशाक। इसे अन्दर पहन लेना। यह पारदर्शक पोशाक पहनने पर दिखेगी नहीं। आग, तेज गर्मी, ठण्ड, बन्दक की गोली आदि का इस पर कोई अस नहीं होगा!
धन्यवादाः, पितृव्य! भवता तु मम सुरक्षायाः पूर्ण-प्रबन्धः कृतः।|Thank you, Uncle! You have made full arrangements for my safety.|धन्यवाद अंकल! आपने तो मेरी सुरक्षा का पूरा प्रबन्ध कर दिया।
एवमेव त्वं निर्भयम् अन्यायम् अत्याचारम् सम्मुखीकर्तुं शक्नोषि।|Only then will you be able to fearlessly resist injustice and oppression.|तभी तो तुम बेखौफ अन्याय, अत्याचार का मुकाबला कर पाओगे।
यह घड़ी पहन लो। संसार के किसी कोने में भी होगे तब भी मुझसे सम्पर्क कर सकते हो।|Wear this watch. You can contact me no matter where you are in the world.|इमां घटीं धर। विश्वस्मिन् कुत्रचिदपि मम सम्पर्कं कर्तुं शक्नोषि।
इदमपि स्वीकुरु अन्तिमम् उपयोगि वस्तु। अस्मिन् लघौ सम्पुटे सहस्रात् एकस्मात् अधिकाः गोलिकाः सन्ति। यत्र कुत्रापि भोजनस्य समस्या स्यात्, तत्र एकां गोलिकां सेवेथाः चेत् त्रिचतुरान् दिवसान् यावत् भोजनम् आवश्यकं न भविष्यति ते। अधुना त्वया स्वीये अभियाने गन्तुं शक्यते।|And take this last useful object. This tiny packet contains more than 1,000 tablets. Where you have difficulty with food, put a tablet in your mouth for three or four days you will not need to eat. Now you can go on your campaign.|और यह लो आखिरी उपयोगी वस्तु। इस नन्हें पैकेट में एक हजार से ज्यादा गोलियां हैं। जहाँ तुम्हें भोजन की दिक्कत हो, एक गोली मुँह में रख लो तीन-चार दिन तक भोजन की जरूरत नहीं रहेगी। अब तुम अपने अभियान पर जा सकते हो।
आयसः जॉन-विदुषः निलयात् बहिरागत्य जलस्य पर्वतानां चोपरि गन्तुं शक्तां स्वकीयां विचित्रां द्विचक्रिकाम् आरुह्य चालयामास। लम्बः तस्य जङ्घाकोषे उपविष्टः बभूव। |Faulad came out of Dr. John's barn and got on his bizarre motorcycle that can run over water and mountains. Lambu was sitting in his thigh pocket.|फौलाद डॉ० जॉन की कोठी से निकल कर बाहर आया और अपनी विचित्र मोटर साईकिल जो पानी और पहाड़ों पर भी दौड सकती है, बैठकर चल दिया। लम्बू उसके जांघिए की जेब में बैठा था।
तदा सः दृष्ट्वान् यत् कश्चन मनुष्यः बहुसरलतया कारयानं स्वीयाभ्यां हस्ताभ्याम् उत्थापितवान्।|Then he saw...has very easily lifted a car in his one human hands.|तभी उसने देखा...ने बड़ी आसानी से एक कार को अपने एक मनुष्य हाथों में उठा लिया है।
सः यानं पूर्णशक्त्या सम्मुख-स्थिते बृहति आपणे क्षिप्तवान्। आपणस्य अन्तः गत्वा यानं पतितम्। अनया रीत्या आपणे प्रदर्शितानाम् उपस्कराणां, सज्जीकरणानां, ग्राहकाणां च हानिः जाता।|He threw the car with full force into the large shop in front of him The vehicle fell inside the shop. This caused loss of goods, decorations and customers displayed in the shop.|उसने कार को पूरी शक्ति से सामने की बड़ी दुकान पर उछाल दिया। दुकान के अन्दर जाकर कार गिरी, तो दुकान के शो केस फर्नीचर, साज-सामान यहाँ तक कि कई स्त्री-पुरुषों को चोटें आयीं
जनाः आतङ्किताः इतस्ततः धावन्तः आसन्।|People started running around in panic.|लोग घबराकर इधर-उधर भागने लगे।
लम्ब, एवं प्रतीयते यत् अयमेव सः विचित्र-मानवः आवाभ्याम् अन्विष्यते।|Lamb, looks like this is the weird guy we're looking for.|लम्बू, लगता है यही वह विचित्र आदमी है, जिसकी हमें तलाश है।
आम् आयस! दृष्टं किल कियत्या सरलतया कारयानम् आपणस्य अन्तः क्षिप्तवान्।|Yes, Faulad! Didn't you see how easily he the car inside the shop.|हाँ फौलाद! देखा नहीं कितनी आसानी कार की दुकान के अन्दर फेंक दिया।
आयसः द्विचक्रिकातः अवतार्य तं विचित्रं मानवं सम्मुखीकर्तुं उद्युक्तः जातः।|Faulad got off the motorcycle and hopped towards the strange human.|मोटर साइकिल से उतरकर फौलाद उस विचित्र मानव की ओर लपका।
आयसः तं पृष्ठतः गृहीतवान्। किन्तु तस्मिन् लौह-मानवे कोऽपि प्रभावः न जातः इति प्रतिभाति स्म।|Faulad gripped him from behind. But nothing seemed to happen to the Iron Man.|फौलाद ने उसे पीछे से जकड़ लिया। लेकिन उस लौह-मानव को जैसे कुछ हुआ ही न हो।
सः लौह-मानवः घातं दत्त्वा स्वं ग्रहणात् विमोचितवान्। घातेन आयसः दूरे क्षिप्तः जातः। जनाः इतस्ततः वीथ्यां स्वं गोपितवन्तः। |He jerked and freed himself. The shock caused Faulad to fall away. People were standing here and there, hiding on the road.|उसने झटका देकर अपने को छुड़ा लिया। झटका लगने से फौलाद दूर जा गिरा। लोग इधर-उधर, सड़क वर छिपे खडे थे।
इमं दानवं प्रहार्य सः उचितं न कृतवान्।|This man didn't do well... by fighting this demon.|इस दानव से भिड़कर इस आदमी ने अच्छा... नहीं किया।
अधुना अयं न अनुजीविष्यति। यः कारयानं क्रीडनकमिव क्षेप्तुं शक्नोति तस्य सम्मुखे इदं क्रीडनकं तु...|He will not survive anymore. In the face of someone who can throw a car like toys, this toy...|अब यह जिन्दा नहीं बचेगा। जो खिलौनों की तरह कार को फेंक सकता है, उसके सामने यह खिलौना...
दूरे क्षिप्तः सः आयसः झटिति उत्थितवान्। लौह-मानवः तस्योपरि कूर्दितवान्।|Thrown away,  instantly rose. The Iron Man jumped on him.|दूर गिरकर फौलाद फुर्ती से उठ बैठा। लौह-मानव उसकी ओर झपटा।
अनेन गृहीतः न स्यां चेत् साधु भविष्यति। नो चेत् निपीडिष्यति माम्। मेखलायाः पीतकुड्मं नुत्त्वा गुरुत्वाकर्षणात् मुक्तो भविष्यामि येन उत्प्लवने समस्या न भविष्यति।|It would be nice not to get into its hands. Otherwise it will overwhelm. If I press the yellow button on the belt and get rid of gravity then I won't have a problem bouncing.|अच्छा यही होगा कि इसके हाथों में न आ पाऊँ। वरना ये दबोच देगा। बेल्ट का पीला बटन दबाकर गुरुत्वाकर्षण से मुक्ति पा जाऊँ तब उछलने में दिक्कत नहीं होगी।
पीतकुड्मं नुत्त्वा हि आयसस्य शरीरं लघुभारं बभूव यदा लोह-मानवः तं गृहीतुम् इष्टवान्|The steel body lightened as he pressed the yellow button As soon as Iron-Man wanted to grab him|पीला बटन दबाते ही फौलाद का शरीर हल्का-फुल्का हो गया जैसे ही लोह-मानव ने उसे पकड़ना चाहा
सः उत्प्लुत्य तस्य उपरिष्टात् लङ्घनं कृतवान्।|He leapt over him and bounced!|वह उसके ऊपर से छलांग लगाकर दूसरी और उछल गया!
आयसः पृष्ठतः उत्प्लवनमध्ये हि लौह-मानवाय एकं भीषणं पादाघातं दत्तवान्।|Faulad hit a terrific flying kick to Iron- Man from behind.|फौलाद ने पीछे से लौह- मानव को एक जबरदस्त फ्लाइंग किक लगायी।
किन्तु लौह-मानवः केवलं किञ्चित् स्खलित्वा तिष्ठवान्। झटिति एव स्वं स्थिरीकृतवान्।|But Iron- man only faltered. and began to take care of himself quickly.|लेकिन लौह- मानव केवल लड़खड़ा कर रह गया। और अपने आपको जल्दी सम्भालने लगा।
अस्य तुल्यबलो भवितुं मम कृते कठिनमेव। अयं तु अयसा निर्मितः इति भाति मे। कथं मनुष्यस्य शरीरम् इयत् दृढम्? अनेन सह सम्भाषै।|It's just hard for me to be as strong as this. It seems to me that this one is made of iron How is a human body so strong? Let me try and talk to him.|इसकी ताकत से मुकाबला करना कठिन है। यह तो इस्पात में ढला हुआ लगता हैं एक मनुष्य का शरीर इतना ठोस नहीं हो सकता। इससे बात तो करूँ।
कस्त्वम्? कुत आयातः? ईदृशं विनाशं विहितुं कारणं किम्? केन त्वं प्रेषितः?|Who are you? Where did you come from? What is the reason for such destruction? Who sent you?|तुम कौन हो? कहां से आये हो? इस तरह विनाश करने का क्या मतलब है तुम्हारा? तुम्हें किसने भेजा है?
लोह-मानवस्य मुखात् केवलम् गुर्रररर् इति ध्वनिः आगतः। ततः आयसस्योपरि पुनः प्लुतवान्।|The only sound that came from Iron Man's mouth was a gurrrrr. Then he jumped back on the Faulad.|लोह-मानव के मुंह से सिर्फ गुर्रररर् की आवाज निकली। और वह फिर फौलाद पर झपटा।
इदम्वारं लङ्घन-मध्ये हि आयसस्य टङ्गं गृहीतवान्।|This time he took an iron stick when Faulad jumped.|इस बार फौलाद के उछलते ही उसने टांगे पकड़ ली।
लौहमानवः तु सर्वदिशि भ्रामयित्वा एकस्यां दिशि क्षिप्तवान् आयसम्। इतस्ततः निगूढाः जनाः इमं भीषणं सङ्घर्षं पश्यन् आसन्।|The Iron Man turned Faulad in all directions and threw it in one direction People hiding here and there watched this terrible struggle|चारों तरफ घुमाकर उसने एक ओर उछाल दिया फौलाद को। इधर-उधर छिपे रखड़े लोग यह भीषण मुठभेड़ देख रहे थे।
हा हन्त! अधुना भूमौ पतित्वा सः अभागः छिन्नभिन्नो भविष्यति।|Alas! The poor fellow will now fall to the ground and be torn to pieces|हाय! अब नीचे गिरकर उस बेचारे के टुकड़े-टुकड़े हो जायेंगे।
किन्तु गुरुत्वाकर्षणात् मुक्तः आयसः ऊर्ध्वपादलङ्घनानि कृत्वा भूमौ अवतीर्णवान्।|But released from gravity, Faulad made somersaults and landed on the ground.|लेकिन गुरुत्वाकर्षण से मुक्त फ़ैलाद कला-बाजियाँ खाता हुआ नीचे उतर आया। 
तम् उत्तेतेज्य अस्य अष्टस्तरस्य वसतिगृहस्य उपरि समाह्वयिष्यामि एव।|I should provoke him and make him come up to this eight-story hotel.|इसे उत्तेजित कर इस होटल की आठ-मंजिली छत पर ले जाऊ।
अहो प्रतिभा! किमपि न जातं तस्य।||Oh, wow. This is a genius. Nothing happened to him.|अरे वाह। यह तो बड़ा उस्ताद है। इसका तो कुछ नहीं बिगड़ा।
आयसः शनैः-शनैः वसतिगृहस्य सोपान-दिशि गच्छन् आसीत्। लौह-मानवस्तु गुर्र-र्र-र्र-र्र इति कुर्वन् अनुसरन् आसीत्।|Faulad was slowly walking towards the stairs of the living room. The Iron Man was following, grunting and grunting.|फौलाद धीरे-धीरे होटल की सीढ़ियों को ओर बढ़ता है। लौह-मानंव गुर्र-र्र-र्र-र्र करता हुआ उसके पीछे झपटता है।
उभौ अष्टस्तरस्य उपरि छादे प्रापतुः।|Both reached the roof on level eight.|दोनों आठ-मंजिल ऊपर छत पर पहुंचते हैं।
अस्य बलात् हस्तग्राहात् च दूरे तिष्ठानि। इमम् उत्थापयितुं शक्नोमि एव। तदर्थमेव मम प्रयत्नः भवतु।|Stay away from his force and grip. I can definitely lift him. Let me try for that.|इसकी ताकत और हाथों की जकड़ से तो बचकर ही रहना है। इसको उठा तो सकता ही हूँ, यही कोशिश करूंगा।
वसतिगृहस्य अधः सहस्रशः जनानां सम्मर्दः आसीत्। जनाः अपेक्षापूर्णतया दृश्यं पश्यन् आसन्।|Thousands of people were crowded under the residence. People were watching the scene expectantly.|होटल के नीचे हजारों लोगों की भीड़ लगी थी। लोग दिल थाम, सांस रोके नजारा देख रहे थे।
तदा आयसः अवसरं स्वीकृत्य पृष्ठतः लौह-मानवम् उत्थाय छादतः भूमौ पातयामास।|Then Faulad took the opportunity to get up behind the Iron Man and knock him to the ground from the roof.|तभी फौलाद ने मौका देखकर पीछे से लौह-मानव को उठा लिया और फुर्ती से आठवीं मंजिल की छत नीचे फेंक दिया।
लौह-मानवः विस्फोटेन भूमौ पपात। जनसम्मर्दः इतस्ततः धावनम् आरब्धवन्तः।|The Iron Man fell to the ground with an explosion. The crowd started running around.|लौह-मानव धमाके के साथ नीचे गिरा। लोगों में भगदड़ मच गई।
भोः, लौह-मानवः मृतः!|Whoa, the Iron Man is dead!|लो, मर गया लौह-मानव!
किन्तु किन्तु तत्क्षणमेव जनाः भयाक्रान्ताः बभूवुः यतोहि इयतः औनत्यात् पतित्वापि लौह-मानवः उत्थितवान्। सः उत्थाय कस्यांश्चित् दिशि चलितवान्।|But the next moment the people were terrified because the Iron Man got up even after falling from the heights. He got up and walked in some direction.|लेकिन दूसरे ही क्षण लोगों के रोंगटे खड़े हो गये। लौह मानव का इतनी ऊंचाई से गिरकर भी कुछ नहीं बिगड़ा। वह उठा और एक ओर चल दिया।
आयसः उपरिष्टादेव एकं यान्त्रिकभ्रमरं विमोचितवान् यः लौह-मानवस्य स्कन्धे लग्नं बभूव।|Faulad released a mechanical bee from above that stuck to Iron Man's shoulder.|फौलाद ने, ऊपर से ही एक यांत्रिक भंवरा छोड़ा जो उड़कर लौह के कन्धे पर चिपक गया।
लौह-मानवः एकस्यां दिशि चचाल। जनाः इतस्ततः धावितुम् उद्युक्तः। कुत्रापि सः गतवान् तत्र वस्तूनि नष्टीकृतवान्। बहून् स्त्री-पुरुषान् उत्थाप्य क्षिप्तवान्। बहूनि कारयानानि लोकयानानि च अधोमुखीकृतवान्।|The Iron Man moved in one direction. People started running around. Everywhere he went he destroyed things. lifted and threw many men and women. Many cars and public transportation were turned upside down.|लौह-मानव एक ओर चल दिया। लोगों में भगदड़ मच गई। वह जिधर से गया वहाँ की वस्तुयें तहस-नहस करत गया। कई स्त्री-पुरुषों को उठा-उठाकर फेंका उसने। कई कारें, बसें उलट दीं।
सर्वं नगरं विचित्र-मानवस्य कुकृत्येभ्यः भयभीतं बभूव।|The entire city became terrified of the antics of the Iron man.|सारा शहर विचित्र मानव की हरकते से भयभीत थे।
उत्पातं विदधत् सः अकस्मादेव सत्वरं नगरात् बहिः वनं प्रति निर्गतवान्।|He suddenly rushed out of the city into the forest|उत्पात मचाता हुआ वह एकाएक तेजी से शहर के बाहर जंगल में निकल गया।
तत्र व्रणितानां जनानां पीडापूर्णः आक्रोषः सम्भूय तुमुलो बभूव। रुग्णवाहनानि आगत्य व्रणितान् रुग्णालयम् प्रेषयामासुः।|There was a painful outcry from the wounded people and it became tumultuous. Ambulances arrived and sent the wounded to the hospital.|उधर जख्मी लोगों की दर्द भरी चीखों से वातावरण गूंज रहा था। एंबुलेसें आकर जख्मी लोगों की अस्पताल पहुंचा रही थीं।
कर्मचारिणः सैनिकाः च आगत्य वीथीषु पतितानि अवशिष्टानि निष्कासयितुम् उद्युक्ताः जाताः। समीपे तु आयसम् केचन रक्षकभटाः शासन-गुप्तचर-विभागयोः अधिकारिणः च परिवव्रुः।|Personnel and soldiers arrived and rushed to remove the remains that had fallen on the streets. Nearby, however, Faulad was surrounded by some guards and officers from the government and intelligence departments.|कर्मचारी और सिपाही आकर सड़कों पर फैले मलबे को हटा रहे थे। और एक ओर खड़ा फौलाद कुछ पुलिस शासन तथा गुप्तचर विभाग के अधिकारियों से घिरा खड़ा था।
त्वं तु सत्यं सुदृढतया तम् अपायकरं व्यक्तिं सम्मुखीकृतवान्।|You truly and strongly confronted that dangerous person.|तुमने संचमुच लोहा लिया जमकर उस खतरनाक व्यक्ति से।
सः वस्तुतः मनुष्यः न, अपितु मूकः यान्त्रिक-मानवः। केवलम् आदेशानां पालनं कर्तुं शक्नोति।|He is not really a man, but a speechless mechanical-man. It can only obey orders.|वह दरअसल कोई मनुष्य नहीं, बाल्क यांत्रिक-मानव वह बोल नहीं सकता, केवल आदेशों का पालन कर सकती है।
कस्त्वं भ्रातः?|Who are you, brother?|तुम कौन हो भाई।
अहम् आयस-सिंहः। मम पितृव्यः जॉन-विद्वान् मां प्रीत्या "आयस" इति आह्वयति।|My name is Fauladi Singh, my uncle Dr. John....affectionately calls me Faulad|मेरा नाम फौलादी सिंह है, मेरे अंकल डॉ. जॉन.... मुझे प्यार से फौलाद कहते
अहो! सः वैज्ञानिकः विश्रुतः। प्रायः तेन एव हि त्वं प्रशिक्षितः। तुभ्यम् वैधाधिकाराः प्रादास्यन्ते।|Oh! He is a famous scientist. It's almost the same thing you've been trained by. You will be granted legal rights.|अच्छा-अच्छा उन्हें कौन नहीं जानता। शायद उन्होंने ही तुम्हें ट्रेनिंग दी है। हम तुम्हें कानूनी अधिकार देते हैं।
तुभ्यं यावच्छक्यं साहाय्यं प्रशासन-पक्षतः प्रदास्यते। तं दानवं हन्याः चेत्...|You will be given every possible assistance by the government. If you eliminated this demon …..|तुम्हारी हर सम्भव सहायता की जायेगी शासन की ओर से। यदि तुमने इस दानव को समाप्त कर दिया तो .....
शासनाधिकारिणः कार्यालये|In the Office of the Governing Officer|शासन आधिकारी के आफिस में
अवश्यमेव यत् कश्चित् उन्नतो देशः अस्मान् विरुध्य भयङ्करीं क्रीडां चखेल।|It is certain that an advanced country played a dangerous game against us|जरूर किसी उन्नत देश ने हमारे साथ खतरनाक खेल खेला है। या फिर किसी दूर ग्रह से इसे मनुष्य की शक्ल देकर भेजा गया है।
चिन्ता मास्तु महोदय। यथाशीघ्रं तं समाप्तुम् उपायः प्राप्स्यामि। अस्त्र-शस्त्रेण इमं आयसमानवं हन्तुं न शक्यते।|Don't worry I'll find a way to end this soon. This steel human cannot be hit by human weapons.|आप चिन्ता न करें मैं शीघ्र ही इसको समाप्त करने का उपाय खोज लूंगा। यह इस्पाती मानव हथियार से नहीं मारा जा सकता।
यत्किमपि भेवेद्, यन्त्रमपि विश्रान्तिमिच्छति। श्वःपर्यन्तं रहस्यस्य समाधानं करिष्यामि। मम प्रेषकयन्त्रं मया तस्य पृष्ठतः स्थापितः। अद्य रात्रौ तस्य वसतिस्थलं ज्ञास्यामि।|Whatever happens, even the machine wants to rest. I will solve the mystery by tomorrow. I put my dispatcher behind it. I will find out where he lives tonight.|जो भी हो मशीन भी आखिर थकती है। मैं कल तक इस गुत्थी को सुलको लूंगा। मैंने अपना ट्रांसमीटर उसके पीछे लगा दिया है। आज रात मैं उसकी रहने की जगह खोज लूगा।
आयसे गन्तुमुद्युक्ते जाते लम्बः कोषात् बहिः शिरः उत्थापितवान् -|When Faulad got up to go, Lambu took his head out of his pocket -|फौलाद जाने के लिए उठा तो लम्बू ने जेब में से बाहर सिर निकाला -
नमस्ते सज्जनाः, अहमपि आयसेन सह अस्मि। विचित्रम् औषधम् स्वीकृत्य वामनत्वम् गतवान् अहम्। किन्तु अवश्यं बृहत्कार्यं करिष्यामि। पुनर्मेलनाय।|Hello gentlemen, I am also with steel. A strange drug, drinking so small, but will come in handy bye.... bye.|नमस्ते सज्जनो, मैं भी फौलाद के साथ है। एक विचित्र दवा, पीकर इतना छोटा हो गया है, लेकिन बड़े काम आऊँगा बाय.... बाय.....
आयसः स्वप्रेषकयन्त्रे सङ्केतं प्राप। स्वीयां द्विचक्रिकाम् आरुह्य नगरात् बहिः सुदूरे वने जगाम। घटीरूपिणा प्रेषकदूरवाणीयन्त्रेण जॉन-विद्वांसम् सूचयामास।|Faulad finds the signal on his transmitter and rides his motor-cycle away from the city into the woods. He informs Dr. John on the clock-like transmitter-cum-wireless.|फौलाद अपने ट्रांसमीटर पर संकेत पाता हुआ अपनी मोटर-साइकिल पर शहर से दूर जंगल में जाता है। वह घड़ी नुमा ट्रांसमीटर-कम-वायरलेस पर डॉ० जॉन को सूचना देता है।
पितृव्य मया तत् भ्रमर-रूपि प्रेषकयन्त्रं तस्य लौह-मानवस्य पृष्ठतः लग्नीकृतम्। सः यान्त्रिक-पुत्तलः, न तु मनुष्यः।|Uncle, I've got my butterfly-transmitter behind that iron-man. He is a mechanical mannequin, not a human being.|अंकल मैंने अपना भंवरा-ट्रांसमीटर उस लौह-मानव के पीछे लगा दिया है। वह यांत्रिक पुतला है, मनुष्य नहीं।
वत्स, सावधानतया बुद्ध्या च कार्यं कुरु। यान्त्रिक-मानवं संमुखेन मा युद्धं कुरु। मर्मस्थलम् अन्विच्छेः चेत् सफलीभविष्यसि।|Son, work carefully and smartly. Don't confront the mechanical man head on. Find his weak point and you will succeed.|बेटे, सावधानी और होशियारी से काम करना। यांत्रिक मानव का सामने से मुकाबला मत करना। उसकी कमजोर नंस को ढूंढो को सफल हो जायोगे।
तथास्तु पितृव्य, सम्पर्कः समाप्तः।|Ok Uncle over and out.|ठीक है अंकल ओवर ऐंड आउट।
सुदूरम् गत्वा....|After a long journey.|बहुतदूर निकलने के बाद......
लम्ब, सङ्केतो दर्शयति यत् सः अत्र कुत्रापि अस्ति। यानम् अत्रैव स्थगयित्वा पादाभ्यां भ्रमित्वा अन्वेषणं कर्तव्यम्।|Lambu, signs are telling him he's here somewhere. We have to park your car here and explore on foot|लम्बू, संकेत बता रहे हैं कि वह यहीं कहीं है। गाड़ी यहीं रोककर पैदल खोजना होगा
अस्तु, पादाभ्यां तु मया न, त्वयैव चलितव्यम्। अहं तु सुखेन कोषे एव भवामि।|Okay, you have to walk, not me. I'm comfortable in the pocket.|ठीक है, पैदल तुम्हें चलना है, मुझे नहीं। मैं तो जेब में आराम से हूँ।
आयसेन दृष्टः सः मानवः घर्घरं कुर्वन् आसीत्। तत् स्थलं सुरक्षितं पर्वतीयैः शैलैः परिखीकृतम्।|Faulad saw - the Iron-Man was snoring. He awas lying down in a safe place surrounded by rocks.|फौलाद ने देखा - वह लौह-मानव खराटे ले रहा है। एक पहाड़ी चट्टानों से घिरी सुरोक्षत जगह पर लेटा हुआ है।
पश्य लम्ब, अत्र लौहमानवः अस्ति। पितृव्यः सूचितवान् यत् मर्मस्थलम् अन्विच्छ।|Look at him, Tall, Iron Man! Uncle had suggested that he should try to find a weak spot.|वह देखो लम्बू, लौह-मानव! अंकल ने उसकी कोई कमजोर नस पखड़ने की सलाह दी थी।
लौह-मानवस्य ऊरुकम् एकस्य टङ्गस्य जानुपर्यन्तम् उत्तिथम्। अतः जानुनि अर्गल्यः दृष्टाः ।|The Iron-Man's pants had come up short of a leg. so that the bolts on his knees were visible.|लौह-मानव की पैंट एक पैर के घुटने तक चढ़ आयी थी। जिससे उसके घुटने पर लगे बोल्ट दिख रहे थे।
बहु समीचिनम्। कर्तव्यं पूर्णम्। लम्ब, अधुना तव कर्तव्यम्। निभृतम् गत्वा प्रथमं जानुनः अर्गलीः शिथिलीकृत्य तं चलितुम् असमर्थं कुरु।|VERY GOOD turned out job. Lambu, now it's your job. Go stealthily and unbolt his knees first so he is unable to walk.|VERY GOOD बन गया काम। लम्बू, अब तेरा काम है। चुपके से जाकर पहले उसके घुटनों के बोल्ट खोल आ ताकि वह चलने में असमर्थ हो जाये।
अहो बुद्धिः। उत्तमः उपायः।|Wow master what an idea.|वाह उस्ताद क्या आइडिया है।
लम्ब कोषात् बहिः कूर्दितवान्। हस्ते विकुञ्छः आसीत्।|Lambu jumps out of the pocket. He has a master spanner in his hands.|लम्ब जेब से बाहर कूदता है। उसके हाथ में मास्टर पाना है।
लम्बु तस्य जानुनः अर्गलीः सफलतया निष्कासितवान्।|Lambu successfully removed the bolts from the knee.|लम्बु उसके घुटनों के बोल्ट खोलने में सफल हो जाता है।
सम्यक् लम्ब, संप्रति हस्तानां अर्गलीः अपि निष्कासय||Well done, lambu, now unbolt its arms.शाबाश लम्ब, अब इसके हाथों के बोल्ट खोल दे।
अथ लम्बः हस्तयोरपि अर्गलीः शिथिलीचकार।|Then he also unbolts the long arms.|फिर लम्ब हाथों के बोल्ट भी खोल देता है।
तदा लौह-मानवः जजागार। गुर्र्-इति कुर्वन् उत्थितवान्। तत् श्रुत्वा लम्बः पलायामास।|That's when Iron-Man wakes up. And growls up. Lambu hears his growl and runs away.|तभी लौह-मानव जाग जाता है। और गुर्रा कर उठता है। उसकी गुर्राहट सुनकर लम्बू भागता है।
किन्तु यदा सः उत्थिवान् तदा तस्य पादौ वक्रीभूतौ। हस्तौ शिथिलीभूत्वा स्फीतीभूतौ।|But as soon as he gets up... his legs get bent. Hands loosen and swell.|लेकिन जैसे ही वह उठता है... उसके पैर टेढ़े हो जाते हैं। हाथ शिथिल होकर फूल जाते हैं।
सफलता। अधुना किमपि कर्तुं न शक्नोति अयम्। तस्य शिरः व्यादास्यामि।|We succeeded. Now it can do nothing. I will open its skull.|हम सफल हो गये। अब यह कुछ नहीं कर सकता। मैं इसकी खोपड़ी खोलूँगा।
लोह-मानवः पपात। अथ आयसः तस्य शिरः गृहीत्वा कण्ठे स्थिताः अर्गलीः शिथिलीकृतवान्।|Iron-Man falls. And Steel grabs his head and unbolts his neck.|लोह-मानव गिर पड़ता है। और फौलाद उसके सिर को पकड़ कर उसकी गर्दन के बोल्ट खोलता है।
शिरसि स्थितं यन्त्रं बहिरानीय दृष्टवान् यत् यन्त्रस्य एकः तन्तुः भग्नः।|The device inside the skull takes out one of its wires is broken.|खोपड़ी के अन्दर का यन्त्र बाहर निकालता है उसका एक तार टूटा हुआ है।
अस्य तन्तुः भग्नः जातः। तन्तुं पुनः योजयित्वा द्रक्ष्यामि यत् किमपि रहस्यम् अनावृतः भवेत् वा न वा।|Its wire is broken. I'll reconnect it and see if I can uncover a mystery.|इसका यह तार टूट गया। इसे जोड़कर देखता हूँ शायद कोई रहस्य हाथ लगे।
तन्तुयोजनेन किञ्चित् गर्जनस्य शब्दः श्रुतः। सङ्केतस्य प्रसारः पुनः आरब्धो जातः। तन्तोः भङ्गेन हि लौह-मानवस्य ध्वनिः स्थगितः तथा च कक्षेन सम्बन्धः भग्नो भूतः। तन्तुयोजनेन पुनः सम्बन्धः स्थापितो जातः।|There is a wheezing sound as soon as the wire is connected. and signals begin to be transmitted The opening of the joints of the same wire had silenced Iron Man's voice and disconnected him from the control room. As soon as the strings are connected, the relationship is established.|तार जुड़ते ही एक घरघराहट की आवाज होती है। और संकेत प्रसारित होने लगते हैं इसी तार के जोड़ खुलने से लोह-मानव की आवाज बन्द थी और उसका नियंत्रण कक्ष से सम्बंध टूट गया था। तार जुड़ते ही सम्बंध स्थापित हो जाता है।
लम्ब, क्वचित्तु आदेशप्रसारस्य सङ्केतः विद्यते।|Lambu, there are signs of orders coming from somewhere.|लम्बू, कहीं से आदेश आने के संकेत मिल रहे हैं।
अत्रान्तरे गुस्टाफ-विदुषः कक्षे....|Meanwhile in Dr. Gustaf’s room……..|उधर डॉ० गुस्टाफ के कक्ष में........
यान्त्रिकोत्पीठिकायां सङ्केते आगते यथाशीघ्रं गुस्टाफ-विद्वान् कुड्मं नुत्त्वा अवदत् - |As soon as the signal comes up on the mechanical table, Dr. Gustaf presses that button and speaks|यांत्रिक टेबल पर संकेत आते ही डॉ० गुस्टाफ वह बटन दबाकर बोलता है
अरे H-20-अङ्कितात् सङ्केतः आगच्छन् अस्ति। अकस्मादेव सम्पर्कः स्थापितः। प्रत्यागच्छ इति आदेक्ष्यामि तम्। H-20, सत्वरम् C.W.H 117-गोशिया-73-अङ्कितं स्थलं पराप्नुहि।|Hey number H-20 signals started coming. Suddenly the relationship was connected. I order him to come back. H-20 Get to C.W.H No. 117-Goshia-73 immediately!|अरे नम्बर H-20 से संकेत आने शुरु हो गये। अचानक सम्बंध जुड गया। उसे वापिस आने का आदेश देता हूँ। H-२० तुरन्त C.W.Hनं 117-गोशिया-73 पर पहुंचो!
अहो, अस्य गोहः गोशिया अस्ति किम्? नूनमेव गमिष्यामि। यान्त्रिकमानवस्य शरीरात् सर्वाणि यन्त्राणि निष्कास्य तस्य शुक्तिं धरिष्यामि चेत् वरम्। एवं कृत्वा कोऽपि न मां शङ्कयति।|Okay, so his hideout is Goshiah. I'll go right away. I'd rather remove all the machinery from the body of a mechanical human and put on his shell. No one doubts me by doing this.|अच्छा तो गोशिया इसका अड्डा हूँ, मैं अभी जाऊंगा। अच्छा तो यह होगा कि यान्त्रिक मानव के शरीर से सारे यन्त्र निकाल कर खोल पहनलूं ताकि किसी को शक नहीं होगा।
आयसः लौह-मानवस्य शुक्तौ प्रविश्य स्वं परितः शुक्तिं योजितवान्|Faulad penetrates the Iron-Man's shell and fits it around himself.|फौलाद लौह-मानव के खोल में घुस कर उसे अपने ऊपर फिट कर लेता है।
अनन्तरं विमानारोहणस्य स्थाने मेखलायाः हरितकुड्मं नुत्त्वा आकाशे उड्डीनवान्।|Then instead of going off the plane, he presses the green button on his belt and flies off into the sky.|फिर बजाय प्लेन से जाने के बेल्ट का हरा बटन दबाकर आकाश में उड़ जाता है।
लम्ब, लौह-शुक्तौ श्वसनं कष्टतरमस्ति किम्?|Lambu, isn't it suffocating in the iron rack?|लम्बू, लोहें के खोल में दम तो नहीं घुट रहा?
लम्ब उवाच (अन्तरे) - नैव मित्र वातावान् लोहः अस्ति। रोचते मे।|Lambo (from inside): No dude it's airy iron. I'm having fun.|लम्बू (भीतर से): नहीं यार हवादार लोहा है। मजा आ रहा है।
किञ्चित् दूरम् उड्डीय सम्यक् गोशिया इत्यस्मिन् प्राप्तवान्।|After a short flight he arrives at the exact address in Goshia.|कुछ ही देर की उड़ान के बाद वह गोशिया में ठीक पते पर पहुंच जाता है।
तस्मिन् यथाशीघ्रं प्राप्ते द्वारं व्यादत्तम्।|As soon as he reaches the door, it opens.|उसके द्वार पर पहुंचते ही वह खुल जाता है।
अन्तः प्रविष्टवान् आयसः। अत्र गुस्टाफ-विद्वान् सहचरैः सह प्रतीक्षारतः आसीत्।|He reaches inside. Here Dr. Gustaf was waiting for him with his colleagues.|वह अंदर पहुँचता है। यहां डॉ० गुस्टाफ अपने साथियों के साथ उसका इन्तजार कर रहा था।
गुस्टाफ-विद्वान् तं दृष्ट्वा|Gustaf on seeing him|गुस्टाफ उसे देखकर .....
अभिनन्दनं मद्विनाशकारि-पुत्तल। उत्तमक्रौर्यप्रदर्शनं कृतं त्वया इति भाति, पश्य। (कंश्चित् कुड्मं नुदितवान् येन एका भित्तिः ससर्प)|Congratulations, my destructive puppet. You seem to have displayed exceptional cruelty, you see. (Someone pressed a button that caused a wall to slide)|शाबाश मेरे विनाशी पुतले! तुमने जाकर गजब ढ़ाया होगा देखो.... (वह एक बटन दबाता है जिससे दीवार खिसकती है)
आयस-सिंहः स्वेन धृतं लौह-मानवस्य शिरः उत्थाप्य स्वशिरः बहिष्कृतवान्। हस्ते विस्फोटकः आसीत्।|Fauladi Singh takes off the Iron Man's head that he wore and sticks his head out. and pulls out the bomb with one hand.|फौलादीसिंह लौह-मानव का सिर उठाकर अपना सिर बाहर निकालता है। और एक हाथ से बम बाहर निकालता है।
रे दुष्टाः, संसारे विनाशताण्डवस्य दर्शनात् पूर्वं तु प्रथमं स्वस्य विनाशलीलां पश्यत।|But before you see the destruction in the world, oh wicked ones, witness your destruction first.|लेकिन दुष्टों संसार में विनाश तांडव देखने से पहले अपने विनाश की लीला पहले देख लो।
आयसः वेगेन विस्फोटकं निष्कास्य उत्पीठिकायाम् अधः क्षिप्तवान्।|Faulad swiftly takes out the bomb and throws it under the table.|फौलाद फुर्ती से बम निकालकर टेबिल के नीचे फेंक देता है।
तत्क्षणमेव किरण-भुशुण्डितः किरणम् विस्फोटके उत्सृष्टवान्।|Soon he throws beams at that bomb with a ray pistol.|दूसरे ही क्षण किरण पिस्तौल से उस बम पर किरणें फेंकता हैं।
दूसरे ही क्षण हरा बटन दबाकर उड़ जाता है।|The second he presses the green button, he flies away.|तत्क्षणं हरितकुड्मं नुत्त्वा उड्डीनवान्।
अरे! सः दुष्टः गृह्यताम्! हा अग्निः...पलाय्यताम्!|Hey! Catch that evil one! Oh fire... run!|अरे! पकडो उस दुष्ट को! ओह आग... भागो!
किन्तु तदा भयङ्करं विस्फोटनं जातं येन सर्वं भवनं भग्नं जातम्।|But then a terrible explosion blows the whole building away!|लेकिन तभी एक भयंकर विस्फोट से सारा भवन उड़ जाना है!
गुस्टाफ-विदुषः सर्वं कार्यम् आयसेन केषुचित् क्षणेषु हि निरर्थकं कृतम्।|All the hard work of Dr. Gustaf was turned upside down in a few seconds.|डॉ० गुस्टाफ की सारी मेहनत पर फौलाद चन्द सैकिंडों में पानी फेर दिया।
आयसः लौह-मानवस्य परिधानं धृत्वा शासनाधिकारिणः पार्श्वे प्राप। तं दृष्ट्वा अधिकारी अपि भयाक्रान्तः बभूव।|Faulad comes back to the regime official in the guise of Iron-Man. All the officers are afraid to see him.|फौलाद वापिस लौह-मानव की पोशाक में ही शासन अधिकारी के पास पहुँचता है। उसे देखकर सब अधिकारी भयभीत होते हैं।
अरे। लौह-मानवः आगतः।।|Oh, the iron man|ओह । लौह-मानव ।।
नूनं यमद्वारम् अपरिहार्यम्। आयसः मृतः स्यात्।|Now we will be not be spared. Maybe Faulad is gone.|अब हमारी खैर नहीं शायद फौलाद खत्म हो गया।
तदा लौह-मानवस्य शिरः निष्कास्य हसन् आयसः बहिरागतवान्।|Then the Iron Man's head was removed and Faulad came out laughing.|तभी लोह-मानव का सिर हटाकर हसता हुआ उसमें से फौलाद निकलता है।
चिन्ता मास्तु। अहमेव। अनेन मानवेन समेतान् निर्मातॄन् वैज्ञानिकान्, सहस्रशः लौह-मानवान् च नष्टीकृतवान् अहम्।|Don't panic! It's me. Along with this human, I have destroyed the scientists who created it and hundreds of other Iron-Humans.|घबराइये मत! यह में हूं। इस मानव के साथ इसके निर्माता वैज्ञानिकों तथा अन्य सैकडों लौह-मानवों को नष्ट कर आया हूँ।
शाबाश मेरे वीर बेटे!|Well done my brave son!|बहु समीचिनं मम वीर वत्स!
अग्रिमे दिवसे हि वार्तापत्रेषु आकाशवाण्यां दूरदर्शने च आयसस्य साहसकीर्तनं क्रियमाणम् आसीत्।|The next day, newspapers and radio and television were reporting on Faulad's brave exploits.|दूसरे दिन अखबारों और रेडियो - टेलीविजन पर फौलाद की बहादुरी के कारनामे सुनाये जा रहे थे।
